{
  "timestamp": "20260519_235213",
  "technique": "simple",
  "detections": [
    {
      "label": "car",
      "conf": 0.7245,
      "center_tl": [
        507.6000061035156,
        661.2000122070312
      ],
      "avg_depth_m": 10.4226,
      "std_depth_m": 6.6138,
      "num_pairs": 3,
      "pairs": {
        "TL\u2194TR": 3.042099952697754,
        "TL\u2194BR-x": 9.136799812316895,
        "TL\u2194BR-y": 19.08880043029785
      }
    },
    {
      "label": "car",
      "conf": 0.6465,
      "center_tl": [
        585.2999877929688,
        665.5
      ],
      "avg_depth_m": 10.6674,
      "std_depth_m": 9.0729,
      "num_pairs": 3,
      "pairs": {
        "TL\u2194TR": 2.677000045776367,
        "TL\u2194BR-x": 5.968299865722656,
        "TL\u2194BR-y": 23.35689926147461
      }
    },
    {
      "label": "car",
      "conf": 0.6436,
      "center_tl": [
        717.7999877929688,
        667.5999755859375
      ],
      "avg_depth_m": 11.8803,
      "std_depth_m": 12.2453,
      "num_pairs": 3,
      "pairs": {
        "TL\u2194TR": 2.202199935913086,
        "TL\u2194BR-x": 4.282599925994873,
        "TL\u2194BR-y": 29.156099319458008
      }
    },
    {
      "label": "car",
      "conf": 0.2815,
      "center_tl": [
        647.5,
        667.2000122070312
      ],
      "avg_depth_m": 7.6783,
      "std_depth_m": 8.8947,
      "num_pairs": 3,
      "pairs": {
        "TL\u2194TR": 1.194700002670288,
        "TL\u2194BR-x": 1.5848000049591064,
        "TL\u2194BR-y": 20.255300521850586
      }
    }
  ]
}