{
  "timestamp": "20260519_234716",
  "technique": "simple",
  "detections": [
    {
      "label": "car",
      "conf": 0.7245,
      "center_tl": [
        507.6000061035156,
        661.2000122070312
      ],
      "avg_depth_m": 10.4226,
      "std_depth_m": 6.6138,
      "num_pairs": 3,
      "pairs": {
        "TL\u2194TR": 3.042099952697754,
        "TL\u2194BR-x": 9.136799812316895,
        "TL\u2194BR-y": 19.08880043029785
      }
    }
  ]
}